"V1","V2"
-0.399492149613579,-0.370610599506965
-0.186761164715962,-0.5
-0.102193947929138,-0.271992818671454
-0.0723953084816378,0.0385996409335727
0.332723903353017,0.248653500897666
0.135033970952038,-0.372531418312388
-0.266428661000721,-0.110412926391382
0.0742062994440439,0.255834829443447
0.30839283474982,-0.16427289048474
0.20498579318623,0.00807899461400363
-0.229932058095925,0.20556552962298
0.159365039555235,0.5
-0.0565731942981426,0.492818671454219
-0.5,-0.046129076042165
0.433089561341207,-0.31149012567325
0.5,0.0547576301615799
