"site","period","spp","dens","norm"
"1",1,"brown",0.5,-0.616089908724227
"1",1,"calred",35,0.877650820310422
"1",1,"encrust",30,-0.982398253052247
"1",1,"folred",16,4.46366891294355
"1",2,"brown",11.5,0.63843876683908
"1",2,"calred",54,1.83091402164381
"1",2,"encrust",14.5,-2.24781434911003
"1",2,"folred",9.5,2.31336872692381
"1",3,"brown",4,-0.216921693772266
"1",3,"calred",44,1.32919654725782
"1",3,"encrust",32.5,-0.778298882720347
"1",3,"folred",2,-0.167746872329751
"1",4,"brown",2.5,-0.387993785894535
"1",4,"calred",45,1.37936829469642
"1",4,"encrust",33.5,-0.696659134587586
"1",4,"folred",8.5,1.98255331369
"1",5,"brown",0,-0.67311393943165
"1",5,"calred",40.5,1.15359543122272
"1",5,"encrust",47,0.405477465204678
"1",5,"folred",5.5,0.990107073988575
"1",6,"brown",2.5,-0.387993785894535
"1",6,"calred",45.5,1.40445416841572
"1",6,"encrust",19.5,-1.83961560844623
"1",6,"folred",1.5,-0.333154578946655
"1",7,"brown",4.5,-0.159897663064843
"1",7,"calred",53,1.78074227420521
"1",7,"encrust",38,-0.329280267990165
"1",7,"folred",2,-0.167746872329751
"1",8,"brown",1.1111,-0.546395138393615
"1",8,"calred",43.8889,1.32362246611739
"1",8,"encrust",43.3333,0.106129000726286
"1",8,"folred",3.8889,0.457130361727588
"1",9,"brown",0.5,-0.616089908724227
"1",9,"calred",48,1.52988353701222
"1",9,"encrust",47.5,0.446297339271058
"1",9,"folred",0,-0.829377698797367
"1",10,"brown",7,0.125222490472273
"1",10,"calred",40.5,1.15359543122272
"1",10,"encrust",34,-0.655839260521206
"1",10,"folred",0.5,-0.663969992180463
"1",11,"brown",1.5,-0.502041847309381
"1",11,"calred",34,0.827479072871823
"1",11,"encrust",31.5,-0.859938630853107
"1",11,"folred",1,-0.498562285563559
"1",12,"brown",18.5,1.436775196743
"1",12,"calred",55.5,1.90617164280171
"1",12,"encrust",26.5,-1.26813737151691
"1",12,"folred",0.5,-0.663969992180463
"1",13,"brown",4.5,-0.159897663064843
"1",13,"calred",53,1.78074227420521
"1",13,"encrust",55.5,1.09941532433314
"1",13,"folred",1.5,-0.333154578946655
"1",14,"brown",10,0.467366674716811
"1",14,"calred",40,1.12850955750342
"1",14,"encrust",59,1.3851544427978
"1",14,"folred",1.5,-0.333154578946655
"1",15,"brown",9,0.353318613301965
"1",15,"calred",34,0.827479072871823
"1",15,"encrust",44.5,0.201378094872777
"1",15,"folred",1.5,-0.333154578946655
"1",16,"brown",13.5,0.866534889668773
"1",16,"calred",40.5,1.15359543122272
"1",16,"encrust",48.5,0.527937087403819
"1",16,"folred",2,-0.167746872329751
"1",17,"brown",7.5,0.182246521179696
"1",17,"calred",38.5,1.05325193634552
"1",17,"encrust",61.5,1.5892538131297
"1",17,"folred",0.5,-0.663969992180463
"1",18,"brown",2,-0.445017816601958
"1",18,"calred",41.5,1.20376717866132
"1",18,"encrust",55,1.05859545026676
"1",18,"folred",1.5,-0.333154578946655
"1",19,"brown",15,1.03760698179104
"1",19,"calred",41,1.17868130494202
"1",19,"encrust",51.5,0.7728563318021
"1",19,"folred",0.5,-0.663969992180463
"1",20,"brown",NA,NA
"1",20,"calred",NA,NA
"1",20,"encrust",NA,NA
"1",20,"folred",NA,NA
"1",21,"brown",7,0.125222490472273
"1",21,"calred",29,0.576620335678825
"1",21,"encrust",63.5,1.75253330939522
"1",21,"folred",0.5,-0.663969992180463
"1",22,"brown",0.5,-0.616089908724227
"1",22,"calred",16.5,-0.05052650730367
"1",22,"encrust",52,0.81367620586848
"1",22,"folred",1.5,-0.333154578946655
"1",23,"brown",0.5,-0.616089908724227
"1",23,"calred",9,-0.426814613093167
"1",23,"encrust",49,0.568756961470199
"1",23,"folred",0,-0.829377698797367
"1",24,"brown",0.5,-0.616089908724227
"1",24,"calred",6,-0.577329855408966
"1",24,"encrust",40.5,-0.125180897658264
"1",24,"folred",0,-0.829377698797367
"1",25,"brown",0.5,-0.616089908724227
"1",25,"calred",6,-0.577329855408966
"1",25,"encrust",37,-0.410920016122925
"1",25,"folred",0.5,-0.663969992180463
"1",26,"brown",NA,NA
"1",26,"calred",NA,NA
"1",26,"encrust",NA,NA
"1",26,"folred",NA,NA
"1",27,"brown",1,-0.559065878016804
"1",27,"calred",4,-0.677673350286165
"1",27,"encrust",42,-0.00272127545912357
"1",27,"folred",0.5,-0.663969992180463
"1",28,"brown",4.5,-0.159897663064843
"1",28,"calred",1.5,-0.803102718882664
"1",28,"encrust",26,-1.30895724558329
"1",28,"folred",0.5,-0.663969992180463
"1",29,"brown",4,-0.216921693772266
"1",29,"calred",4.5,-0.652587476566865
"1",29,"encrust",33.5,-0.696659134587586
"1",29,"folred",0.5,-0.663969992180463
"1",30,"brown",2,-0.445017816601958
"1",30,"calred",1.5,-0.803102718882664
"1",30,"encrust",35,-0.574199512388446
"1",30,"folred",2,-0.167746872329751
"1",31,"brown",0.5,-0.616089908724227
"1",31,"calred",0.5,-0.853274466321263
"1",31,"encrust",45,0.242197968939157
"1",31,"folred",0,-0.829377698797367
"1",32,"brown",0,-0.67311393943165
"1",32,"calred",0.5,-0.853274466321263
"1",32,"encrust",47.5,0.446297339271058
"1",32,"folred",1,-0.498562285563559
"1",33,"brown",0.5,-0.616089908724227
"1",33,"calred",1.5,-0.803102718882664
"1",33,"encrust",47,0.405477465204678
"1",33,"folred",0.5,-0.663969992180463
"1",34,"brown",0,-0.67311393943165
"1",34,"calred",1,-0.828188592601964
"1",34,"encrust",45.5,0.283017843005538
"1",34,"folred",3,0.163068540904056
"1",35,"brown",0,-0.67311393943165
"1",35,"calred",3,-0.727845097724764
"1",35,"encrust",47,0.405477465204678
"1",35,"folred",0,-0.829377698797367
"1",36,"brown",1,-0.559065878016804
"1",36,"calred",2,-0.778016845163364
"1",36,"encrust",56.5,1.1810550724659
"1",36,"folred",0.5,-0.663969992180463
"1",37,"brown",0.5,-0.616089908724227
"1",37,"calred",2.5,-0.752930971444064
"1",37,"encrust",54.5,1.01777557620038
"1",37,"folred",2.5,-0.00233916571284772
"1",38,"brown",6.5,0.0681984597648497
"1",38,"calred",5.5,-0.602415729128265
"1",38,"encrust",73.5,2.56893079072283
"1",38,"folred",3.5,0.32847624752096
"1",39,"brown",16.5,1.20867907391331
"1",39,"calred",5.5,-0.602415729128265
"1",39,"encrust",53.5,0.93613582806762
"1",39,"folred",0,-0.829377698797367
"1",40,"brown",3.5,-0.273945724479689
"1",40,"calred",4.5,-0.652587476566865
"1",40,"encrust",47.5,0.446297339271058
"1",40,"folred",2.5,-0.00233916571284772
"1",41,"brown",2.5,-0.387993785894535
"1",41,"calred",4,-0.677673350286165
"1",41,"encrust",47.5,0.446297339271058
"1",41,"folred",4,0.493883954137864
"1",42,"brown",11.5,0.63843876683908
"1",42,"calred",3,-0.727845097724764
"1",42,"encrust",38.5,-0.288460393923785
"1",42,"folred",4,0.493883954137864
"1",43,"brown",8,0.239270551887119
"1",43,"calred",3.5,-0.702759224005465
"1",43,"encrust",37.5,-0.370100142056545
"1",43,"folred",0.5,-0.663969992180463
"1",44,"brown",2.5,-0.387993785894535
"1",44,"calred",2,-0.778016845163364
"1",44,"encrust",28.5,-1.10485787525139
"1",44,"folred",4,0.493883954137864
"1",45,"brown",3,-0.330969755187112
"1",45,"calred",3,-0.727845097724764
"1",45,"encrust",28.5,-1.10485787525139
"1",45,"folred",2,-0.167746872329751
"1",46,"brown",57.5,5.884649591922
"1",46,"calred",2,-0.778016845163364
"1",46,"encrust",44,0.160558220806397
"1",46,"folred",0.5,-0.663969992180463
"1",47,"brown",6.5,0.0681984597648497
"1",47,"calred",3,-0.727845097724764
"1",47,"encrust",45.5,0.283017843005538
"1",47,"folred",1.5,-0.333154578946655
"1",48,"brown",NA,NA
"1",48,"calred",NA,NA
"1",48,"encrust",NA,NA
"1",48,"folred",NA,NA
"1",49,"brown",1.5,-0.502041847309381
"1",49,"calred",2.5,-0.752930971444064
"1",49,"encrust",32,-0.819118756786727
"1",49,"folred",2.5,-0.00233916571284772
"1",50,"brown",19.5,1.55082325815785
"1",50,"calred",1.5,-0.803102718882664
"1",50,"encrust",11.5,-2.49273359350831
"1",50,"folred",11,2.80959184677452
"1",51,"brown",2.5,-0.387993785894535
"1",51,"calred",0.5,-0.853274466321263
"1",51,"encrust",39.5,-0.206820645791024
"1",51,"folred",0.5,-0.663969992180463
"1",52,"brown",3.5,-0.273945724479689
"1",52,"calred",0.5,-0.853274466321263
"1",52,"encrust",34.5,-0.615019386454826
"1",52,"folred",7,1.48633019383929
"1",53,"brown",5,-0.10287363235742
"1",53,"calred",0,-0.878360340040563
"1",53,"encrust",36.5,-0.451739890189305
"1",53,"folred",3.5,0.32847624752096
"1",54,"brown",7.5,0.182246521179696
"1",54,"calred",0.5,-0.853274466321263
"1",54,"encrust",29,-1.06403800118501
"1",54,"folred",4,0.493883954137864
"1",55,"brown",7,0.125222490472273
"1",55,"calred",0.5,-0.853274466321263
"1",55,"encrust",37,-0.410920016122925
"1",55,"folred",4.5,0.659291660754767
"1",56,"brown",NA,NA
"1",56,"calred",NA,NA
"1",56,"encrust",NA,NA
"1",56,"folred",NA,NA
"1",57,"brown",0.5,-0.616089908724227
"1",57,"calred",1.5,-0.803102718882664
"1",57,"encrust",39.5,-0.206820645791024
"1",57,"folred",3,0.163068540904056
"1",58,"brown",NA,NA
"1",58,"calred",NA,NA
"1",58,"encrust",NA,NA
"1",58,"folred",NA,NA
"1",59,"brown",NA,NA
"1",59,"calred",NA,NA
"1",59,"encrust",NA,NA
"1",59,"folred",NA,NA
"1",60,"brown",NA,NA
"1",60,"calred",NA,NA
"1",60,"encrust",NA,NA
"1",60,"folred",NA,NA
"1",61,"brown",4,-0.216921693772266
"1",61,"calred",1,-0.828188592601964
"1",61,"encrust",51,0.732036457735719
"1",61,"folred",3.5,0.32847624752096
"1",62,"brown",NA,NA
"1",62,"calred",NA,NA
"1",62,"encrust",NA,NA
"1",62,"folred",NA,NA
"1",63,"brown",17,1.26570310462073
"1",63,"calred",2,-0.778016845163364
"1",63,"encrust",62,1.63007368719608
"1",63,"folred",2.5,-0.00233916571284772
"2",1,"brown",1,-0.903764386997613
"2",1,"calred",14.5,0.142538154015056
"2",1,"encrust",59,0.186455315489522
"2",1,"folred",1.5,-0.503889236777481
"2",2,"brown",21,0.398737652727023
"2",2,"calred",16.5,0.400812415991056
"2",2,"encrust",59,0.186455315489522
"2",2,"folred",6,-0.131822416432499
"2",3,"brown",22.5,0.496425305706371
"2",3,"calred",20.5,0.917360939943055
"2",3,"encrust",62,0.38085790672122
"2",3,"folred",2,-0.462548478961372
"2",4,"brown",23,0.528987856699486
"2",4,"calred",23.5,1.30477233290705
"2",4,"encrust",42.5,-0.882758936284818
"2",4,"folred",11,0.281585161728592
"2",5,"brown",15.5,0.040549591802748
"2",5,"calred",27.5,1.82132085685905
"2",5,"encrust",48,-0.526354185693371
"2",5,"folred",5.5,-0.173163174248608
"2",6,"brown",34,1.24536397854804
"2",6,"calred",26.5,1.69218372587105
"2",6,"encrust",31,-1.62796886933966
"2",6,"folred",10.5,0.240244403912483
"2",7,"brown",35.5,1.34305163152738
"2",7,"calred",28,1.88588942235305
"2",7,"encrust",42,-0.915159368156767
"2",7,"folred",8.5,0.0748813726480467
"2",8,"brown",NA,NA
"2",8,"calred",NA,NA
"2",8,"encrust",NA,NA
"2",8,"folred",NA,NA
"2",9,"brown",0.5,-0.936326937990729
"2",9,"calred",27,1.75675229136505
"2",9,"encrust",29,-1.75757059682746
"2",9,"folred",0,-0.627911510225808
"2",10,"brown",0,-0.968889488983845
"2",10,"calred",21,0.981929505437055
"2",10,"encrust",39.5,-1.07716152751652
"2",10,"folred",0,-0.627911510225808
"2",11,"brown",0,-0.968889488983845
"2",11,"calred",26.5,1.69218372587105
"2",11,"encrust",36.5,-1.27156411874821
"2",11,"folred",0,-0.627911510225808
"2",12,"brown",34,1.24536397854804
"2",12,"calred",29,2.01502655334105
"2",12,"encrust",42,-0.915159368156767
"2",12,"folred",0.5,-0.586570752409699
"2",13,"brown",20,0.333612550740791
"2",13,"calred",24,1.36934089840105
"2",13,"encrust",51,-0.331951594461673
"2",13,"folred",0,-0.627911510225808
"2",14,"brown",0,-0.968889488983845
"2",14,"calred",19.5,0.788223808955055
"2",14,"encrust",66.5,0.672461793568767
"2",14,"folred",0,-0.627911510225808
"2",15,"brown",2,-0.838639285011381
"2",15,"calred",20.5,0.917360939943055
"2",15,"encrust",57.5,0.0892540198736727
"2",15,"folred",0,-0.627911510225808
"2",16,"brown",43,1.83148989642412
"2",16,"calred",12,-0.180304673454943
"2",16,"encrust",65.5,0.607660929824868
"2",16,"folred",0.5,-0.586570752409699
"2",17,"brown",32,1.11511377457557
"2",17,"calred",12.5,-0.115736107960943
"2",17,"encrust",66,0.640061361696817
"2",17,"folred",0,-0.627911510225808
"2",18,"brown",0,-0.968889488983845
"2",18,"calred",4,-1.21340172135894
"2",18,"encrust",77.5,1.38527129475166
"2",18,"folred",0,-0.627911510225808
"2",19,"brown",0,-0.968889488983845
"2",19,"calred",2.5,-1.40710741784094
"2",19,"encrust",87,2.0008795003187
"2",19,"folred",0,-0.627911510225808
"2",20,"brown",NA,NA
"2",20,"calred",NA,NA
"2",20,"encrust",NA,NA
"2",20,"folred",NA,NA
"2",21,"brown",0,-0.968889488983845
"2",21,"calred",4.5,-1.14883315586494
"2",21,"encrust",74,1.15846827164801
"2",21,"folred",0,-0.627911510225808
"2",22,"brown",0,-0.968889488983845
"2",22,"calred",5,-1.08426459037094
"2",22,"encrust",70,0.899264816672415
"2",22,"folred",0,-0.627911510225808
"2",23,"brown",0,-0.968889488983845
"2",23,"calred",5.5,-1.01969602487694
"2",23,"encrust",72,1.02886654416021
"2",23,"folred",0.5,-0.586570752409699
"2",24,"brown",0,-0.968889488983845
"2",24,"calred",9.5,-0.503147500924943
"2",24,"encrust",69,0.834463952928515
"2",24,"folred",1,-0.54522999459359
"2",25,"brown",0,-0.968889488983845
"2",25,"calred",3,-1.34253885234694
"2",25,"encrust",78,1.41767172662361
"2",25,"folred",1,-0.54522999459359
"2",26,"brown",NA,NA
"2",26,"calred",NA,NA
"2",26,"encrust",NA,NA
"2",26,"folred",NA,NA
"2",27,"brown",3,-0.773514183025149
"2",27,"calred",14,0.0779695885210565
"2",27,"encrust",80,1.54727345411141
"2",27,"folred",5.5,-0.173163174248608
"2",28,"brown",10.5,-0.285075918128411
"2",28,"calred",12.5,-0.115736107960943
"2",28,"encrust",66,0.640061361696817
"2",28,"folred",11,0.281585161728592
"2",29,"brown",3,-0.773514183025149
"2",29,"calred",10,-0.438578935430943
"2",29,"encrust",78.5,1.45007215849556
"2",29,"folred",0.5,-0.586570752409699
"2",30,"brown",37,1.44073928450673
"2",30,"calred",14,0.0779695885210565
"2",30,"encrust",70,0.899264816672415
"2",30,"folred",5,-0.214503932064717
"2",31,"brown",37,1.44073928450673
"2",31,"calred",14,0.0779695885210565
"2",31,"encrust",65.5,0.607660929824868
"2",31,"folred",0,-0.627911510225808
"2",32,"brown",45.5,1.9943026513897
"2",32,"calred",19.5,0.788223808955055
"2",32,"encrust",45.5,-0.688356345053119
"2",32,"folred",7,-0.0491409008002807
"2",33,"brown",38,1.50586438649296
"2",33,"calred",19.5,0.788223808955055
"2",33,"encrust",44.5,-0.753157208797019
"2",33,"folred",1.5,-0.503889236777481
"2",34,"brown",27,0.789488264644413
"2",34,"calred",16.5,0.400812415991056
"2",34,"encrust",53,-0.202349866973874
"2",34,"folred",5,-0.214503932064717
"2",35,"brown",25.5,0.691800611665066
"2",35,"calred",16,0.336243850497056
"2",35,"encrust",49.5,-0.429152890077522
"2",35,"folred",4.5,-0.255844689880826
"2",36,"brown",44.5,1.92917754940347
"2",36,"calred",17,0.465380981485056
"2",36,"encrust",33,-1.49836714185186
"2",36,"folred",9.5,0.157562888280265
"2",37,"brown",36,1.3756141825205
"2",37,"calred",22.5,1.17563520191905
"2",37,"encrust",73,1.09366740790411
"2",37,"folred",1,-0.54522999459359
"2",38,"brown",15,0.00798704080963215
"2",38,"calred",14.5,0.142538154015056
"2",38,"encrust",74.5,1.19086870351996
"2",38,"folred",1,-0.54522999459359
"2",39,"brown",14,-0.0571380611765996
"2",39,"calred",13.5,0.0134010230270566
"2",39,"encrust",61.5,0.34845747484927
"2",39,"folred",0,-0.627911510225808
"2",40,"brown",NA,NA
"2",40,"calred",NA,NA
"2",40,"encrust",NA,NA
"2",40,"folred",NA,NA
"2",41,"brown",0,-0.968889488983845
"2",41,"calred",3.5,-1.27797028685294
"2",41,"encrust",77,1.35287086287971
"2",41,"folred",2.5,-0.421207721145263
"2",42,"brown",23,0.528987856699486
"2",42,"calred",5.5,-1.01969602487694
"2",42,"encrust",49.5,-0.429152890077522
"2",42,"folred",2,-0.462548478961372
"2",43,"brown",19.5,0.301049999747675
"2",43,"calred",4,-1.21340172135894
"2",43,"encrust",72.5,1.06126697603216
"2",43,"folred",0,-0.627911510225808
"2",44,"brown",0,-0.968889488983845
"2",44,"calred",3.5,-1.27797028685294
"2",44,"encrust",59,0.186455315489522
"2",44,"folred",0.5,-0.586570752409699
"2",45,"brown",0.5,-0.936326937990729
"2",45,"calred",6.5,-0.890558893888942
"2",45,"encrust",54.5,-0.105148571358025
"2",45,"folred",3.5,-0.338526205513045
"2",46,"brown",46,2.02686520238282
"2",46,"calred",13,-0.0511675424669433
"2",46,"encrust",51,-0.331951594461673
"2",46,"folred",4.5,-0.255844689880826
"2",47,"brown",11.5,-0.219950816142179
"2",47,"calred",4.5,-1.14883315586494
"2",47,"encrust",40.5,-1.01236066377262
"2",47,"folred",1.5,-0.503889236777481
"2",48,"brown",NA,NA
"2",48,"calred",NA,NA
"2",48,"encrust",NA,NA
"2",48,"folred",NA,NA
"2",49,"brown",NA,NA
"2",49,"calred",NA,NA
"2",49,"encrust",NA,NA
"2",49,"folred",NA,NA
"2",50,"brown",9.5,-0.350201020114643
"2",50,"calred",7.5,-0.761421762900942
"2",50,"encrust",34,-1.43356627810796
"2",50,"folred",17,0.777674255521902
"2",51,"brown",3,-0.773514183025149
"2",51,"calred",7,-0.825990328394942
"2",51,"encrust",45,-0.720756776925069
"2",51,"folred",10.5,0.240244403912483
"2",52,"brown",21,0.398737652727023
"2",52,"calred",7,-0.825990328394942
"2",52,"encrust",41.5,-0.947559800028717
"2",52,"folred",45,3.09275669322401
"2",53,"brown",10,-0.317638469121527
"2",53,"calred",9.5,-0.503147500924943
"2",53,"encrust",43.5,-0.817958072540918
"2",53,"folred",17.5,0.819015013338011
"2",54,"brown",2.5,-0.806076734018265
"2",54,"calred",8,-0.696853197406942
"2",54,"encrust",50.5,-0.364352026333623
"2",54,"folred",21,1.10840031805077
"2",55,"brown",10,-0.317638469121527
"2",55,"calred",7,-0.825990328394942
"2",55,"encrust",34,-1.43356627810796
"2",55,"folred",40.5,2.72068987287903
"2",56,"brown",NA,NA
"2",56,"calred",NA,NA
"2",56,"encrust",NA,NA
"2",56,"folred",NA,NA
"2",57,"brown",0.5,-0.936326937990729
"2",57,"calred",13,-0.0511675424669433
"2",57,"encrust",64.5,0.542860066080968
"2",57,"folred",27,1.60448941184408
"2",58,"brown",NA,NA
"2",58,"calred",NA,NA
"2",58,"encrust",NA,NA
"2",58,"folred",NA,NA
"2",59,"brown",NA,NA
"2",59,"calred",NA,NA
"2",59,"encrust",NA,NA
"2",59,"folred",NA,NA
"2",60,"brown",6.5,-0.545576326073338
"2",60,"calred",9,-0.567716066418942
"2",60,"encrust",25.5,-1.98437361993111
"2",60,"folred",47,3.25811972448845
"2",61,"brown",0.5,-0.936326937990729
"2",61,"calred",6.5,-0.890558893888942
"2",61,"encrust",52.5,-0.234750298845824
"2",61,"folred",40.5,2.72068987287903
"2",62,"brown",NA,NA
"2",62,"calred",NA,NA
"2",62,"encrust",NA,NA
"2",62,"folred",NA,NA
"2",63,"brown",4.5,-0.675826530045802
"2",63,"calred",8.5,-0.632284631912942
"2",63,"encrust",60.5,0.283656611105371
"2",63,"folred",22,1.19108183368299
"3",1,"brown",8.5,-0.161781444589058
"3",1,"calred",24.5,1.37127962287502
"3",1,"encrust",55,-0.144235979508436
"3",1,"folred",5,-0.206957417396604
"3",2,"brown",17,0.503812535204282
"3",2,"calred",31,2.19349058435819
"3",2,"encrust",43.5,-0.922982424113635
"3",2,"folred",17,0.980635108540884
"3",3,"brown",5.5,-0.39669696686906
"3",3,"calred",25.5,1.49777361694935
"3",3,"encrust",44,-0.889123883043843
"3",3,"folred",8.5,0.13942373600183
"3",4,"brown",20.5,0.777880644530951
"3",4,"calred",27.5,1.75076160509802
"3",4,"encrust",31,-1.76944595085842
"3",4,"folred",23,1.57443137150963
"3",5,"brown",15.5,0.38635477406428
"3",5,"calred",31.5,2.25673758139536
"3",5,"encrust",33.5,-1.60015324550946
"3",5,"folred",10.5,0.337355823658078
"3",6,"brown",15,0.347202187017613
"3",6,"calred",20,0.802056649540517
"3",6,"encrust",28.8889,-1.91240348296329
"3",6,"folred",12.7778,0.562780678289779
"3",7,"brown",17,0.503812535204282
"3",7,"calred",22.5,1.11829163472635
"3",7,"encrust",40,-1.15999221160217
"3",7,"folred",23.5,1.62391439342369
"3",8,"brown",NA,NA
"3",8,"calred",NA,NA
"3",8,"encrust",NA,NA
"3",8,"folred",NA,NA
"3",9,"brown",0,-0.827375424382398
"3",9,"calred",24,1.30803262583785
"3",9,"encrust",46,-0.753689718764678
"3",9,"folred",1,-0.602821592709099
"3",10,"brown",0.5,-0.788222837335731
"3",10,"calred",22,1.05504463768919
"3",10,"encrust",54,-0.211953061648018
"3",10,"folred",0.5,-0.652304614623161
"3",11,"brown",1,-0.749070250289064
"3",11,"calred",25.5,1.49777361694935
"3",11,"encrust",40.5,-1.12613367053238
"3",11,"folred",1.5,-0.553338570795037
"3",12,"brown",17,0.503812535204282
"3",12,"calred",18.5,0.612315658429016
"3",12,"encrust",49,-0.550538472345931
"3",12,"folred",2.5,-0.454372526966914
"3",13,"brown",8,-0.200934031635725
"3",13,"calred",8,-0.715871279351493
"3",13,"encrust",63,0.397500677608224
"3",13,"folred",1,-0.602821592709099
"3",14,"brown",0,-0.827375424382398
"3",14,"calred",4,-1.22184725564883
"3",14,"encrust",76.5,1.31168128649259
"3",14,"folred",0,-0.701787636537223
"3",15,"brown",5,-0.435849553915727
"3",15,"calred",8.5,-0.652624282314326
"3",15,"encrust",56.5,-0.0426603562990623
"3",15,"folred",0,-0.701787636537223
"3",16,"brown",0,-0.827375424382398
"3",16,"calred",14,0.0430926850945121
"3",16,"encrust",66,0.600651924026971
"3",16,"folred",0,-0.701787636537223
"3",17,"brown",2,-0.67076507619573
"3",17,"calred",6,-0.968859267500161
"3",17,"encrust",74.5,1.17624712221342
"3",17,"folred",0.5,-0.652304614623161
"3",18,"brown",0.5,-0.788222837335731
"3",18,"calred",4,-1.22184725564883
"3",18,"encrust",80,1.54869107398113
"3",18,"folred",0,-0.701787636537223
"3",19,"brown",0,-0.827375424382398
"3",19,"calred",6.5,-0.905612270462994
"3",19,"encrust",82,1.68412523826029
"3",19,"folred",0,-0.701787636537223
"3",20,"brown",NA,NA
"3",20,"calred",NA,NA
"3",20,"encrust",NA,NA
"3",20,"folred",NA,NA
"3",21,"brown",0,-0.827375424382398
"3",21,"calred",6,-0.968859267500161
"3",21,"encrust",71.5,0.973095875794675
"3",21,"folred",0.5,-0.652304614623161
"3",22,"brown",0,-0.827375424382398
"3",22,"calred",9.4445,-0.533150704911117
"3",22,"encrust",70,0.871520252585301
"3",22,"folred",0.5556,-0.646802102586318
"3",23,"brown",0,-0.827375424382398
"3",23,"calred",7,-0.842365273425827
"3",23,"encrust",75,1.21010566328321
"3",23,"folred",0.5,-0.652304614623161
"3",24,"brown",0,-0.827375424382398
"3",24,"calred",9.5,-0.526130288239992
"3",24,"encrust",75.5,1.243964204353
"3",24,"folred",0.5,-0.652304614623161
"3",25,"brown",0.5,-0.788222837335731
"3",25,"calred",7,-0.842365273425827
"3",25,"encrust",75,1.21010566328321
"3",25,"folred",4.5,-0.256440439310666
"3",26,"brown",NA,NA
"3",26,"calred",NA,NA
"3",26,"encrust",NA,NA
"3",26,"folred",NA,NA
"3",27,"brown",3.5,-0.553307315055728
"3",27,"calred",15,0.169586679168846
"3",27,"encrust",66,0.600651924026971
"3",27,"folred",2.5,-0.454372526966914
"3",28,"brown",11,0.0339814906442771
"3",28,"calred",11,-0.33638929712849
"3",28,"encrust",67,0.668369006166554
"3",28,"folred",3.5,-0.35540648313879
"3",29,"brown",2,-0.67076507619573
"3",29,"calred",16.5,0.359327670280348
"3",29,"encrust",72.5,1.04081295793426
"3",29,"folred",0,-0.701787636537223
"3",30,"brown",29.5,1.48262721137096
"3",30,"calred",11.5,-0.273142300091323
"3",30,"encrust",51,-0.415104308066766
"3",30,"folred",3,-0.404889505052852
"3",31,"brown",36,1.99161084297763
"3",31,"calred",14,0.0430926850945121
"3",31,"encrust",78.5,1.44711545077175
"3",31,"folred",0,-0.701787636537223
"3",32,"brown",31,1.60008497251096
"3",32,"calred",17,0.422574667317515
"3",32,"encrust",54,-0.211953061648018
"3",32,"folred",5.5,-0.157474395482542
"3",33,"brown",18.5,0.621270296344283
"3",33,"calred",16,0.29608067324318
"3",33,"encrust",43,-0.956840965183426
"3",33,"folred",2.5,-0.454372526966914
"3",34,"brown",20,0.738728057484284
"3",34,"calred",20.5,0.865303646577684
"3",34,"encrust",61,0.262066513329059
"3",34,"folred",3,-0.404889505052852
"3",35,"brown",21.5,0.856185818624285
"3",35,"calred",20,0.802056649540517
"3",35,"encrust",56,-0.0765188973688535
"3",35,"folred",1.5,-0.553338570795037
"3",36,"brown",30,1.52177979841762
"3",36,"calred",22,1.05504463768919
"3",36,"encrust",53.5,-0.24581160271781
"3",36,"folred",4,-0.305923461224728
"3",37,"brown",18,0.582117709297616
"3",37,"calred",24.5,1.37127962287502
"3",37,"encrust",52.5,-0.313528684857392
"3",37,"folred",1.5,-0.553338570795037
"3",38,"brown",5.5,-0.39669696686906
"3",38,"calred",19.5,0.73880965250335
"3",38,"encrust",70.5,0.905378793655092
"3",38,"folred",0,-0.701787636537223
"3",39,"brown",4.5,-0.475002140962394
"3",39,"calred",12,-0.209895303054156
"3",39,"encrust",76,1.2778227454228
"3",39,"folred",0.5,-0.652304614623161
"3",40,"brown",NA,NA
"3",40,"calred",NA,NA
"3",40,"encrust",NA,NA
"3",40,"folred",NA,NA
"3",41,"brown",0,-0.827375424382398
"3",41,"calred",5.5,-1.03210626453733
"3",41,"encrust",79.5,1.51483253291133
"3",41,"folred",0.5,-0.652304614623161
"3",42,"brown",26.5,1.24771168909096
"3",42,"calred",4,-1.22184725564883
"3",42,"encrust",71,0.939237334724884
"3",42,"folred",3.5,-0.35540648313879
"3",43,"brown",8,-0.200934031635725
"3",43,"calred",6,-0.968859267500161
"3",43,"encrust",73,1.07467149900405
"3",43,"folred",0,-0.701787636537223
"3",44,"brown",1,-0.749070250289064
"3",44,"calred",3.5,-1.285094252686
"3",44,"encrust",67.5,0.702227547236345
"3",44,"folred",0.5,-0.652304614623161
"3",45,"brown",0.5,-0.788222837335731
"3",45,"calred",6.5,-0.905612270462994
"3",45,"encrust",56,-0.0765188973688535
"3",45,"folred",2.5,-0.454372526966914
"3",46,"brown",68,4.49737641396432
"3",46,"calred",17,0.422574667317515
"3",46,"encrust",38.5,-1.26156783481155
"3",46,"folred",4.5,-0.256440439310666
"3",47,"brown",12,0.112286664737611
"3",47,"calred",4,-1.22184725564883
"3",47,"encrust",53.5,-0.24581160271781
"3",47,"folred",0,-0.701787636537223
"3",48,"brown",NA,NA
"3",48,"calred",NA,NA
"3",48,"encrust",NA,NA
"3",48,"folred",NA,NA
"3",49,"brown",NA,NA
"3",49,"calred",NA,NA
"3",49,"encrust",NA,NA
"3",49,"folred",NA,NA
"3",50,"brown",1,-0.749070250289064
"3",50,"calred",8.5,-0.652624282314326
"3",50,"encrust",53.5,-0.24581160271781
"3",50,"folred",7,-0.00902532974035578
"3",51,"brown",0,-0.827375424382398
"3",51,"calred",1.5,-1.53808224083467
"3",51,"encrust",48,-0.618255554485513
"3",51,"folred",6.5,-0.0585083516544178
"3",52,"brown",12,0.112286664737611
"3",52,"calred",6.5,-0.905612270462994
"3",52,"encrust",38.5,-1.26156783481155
"3",52,"folred",32.5,2.51460878787681
"3",53,"brown",7.5,-0.240086618682392
"3",53,"calred",8.5,-0.652624282314326
"3",53,"encrust",47,-0.685972636625096
"3",53,"folred",15.5,0.832186042798698
"3",54,"brown",5,-0.435849553915727
"3",54,"calred",5.5,-1.03210626453733
"3",54,"encrust",44.5,-0.855265341974052
"3",54,"folred",22,1.4754653276815
"3",55,"brown",23.5,1.01279616681095
"3",55,"calred",16.5,0.359327670280348
"3",55,"encrust",32,-1.70172886871883
"3",55,"folred",33,2.56409180979087
"3",56,"brown",NA,NA
"3",56,"calred",NA,NA
"3",56,"encrust",NA,NA
"3",56,"folred",NA,NA
"3",57,"brown",0,-0.827375424382398
"3",57,"calred",10.5,-0.399636294165657
"3",57,"encrust",51,-0.415104308066766
"3",57,"folred",24,1.67339741533775
"3",58,"brown",NA,NA
"3",58,"calred",NA,NA
"3",58,"encrust",NA,NA
"3",58,"folred",NA,NA
"3",59,"brown",NA,NA
"3",59,"calred",NA,NA
"3",59,"encrust",NA,NA
"3",59,"folred",NA,NA
"3",60,"brown",12.5,0.151439251784278
"3",60,"calred",10,-0.462883291202825
"3",60,"encrust",41,-1.09227512946259
"3",60,"folred",25,1.77236345916588
"3",61,"brown",3,-0.592459902102396
"3",61,"calred",16,0.29608067324318
"3",61,"encrust",55.5,-0.110377438438645
"3",61,"folred",40,3.25685411658773
"3",62,"brown",NA,NA
"3",62,"calred",NA,NA
"3",62,"encrust",NA,NA
"3",62,"folred",NA,NA
"3",63,"brown",15,0.347202187017613
"3",63,"calred",12,-0.209895303054156
"3",63,"encrust",45.5,-0.78754825983447
"3",63,"folred",17.5,1.03011813045495
"4",1,"brown",0,-0.489188924510182
"4",1,"calred",18.5,-0.164661242917767
"4",1,"encrust",9.5,-1.15531165297207
"4",1,"folred",7.5,-1.03602223249029
"4",2,"brown",0,-0.489188924510182
"4",2,"calred",24.5,0.751015912820061
"4",2,"encrust",19,0.442648142901175
"4",2,"folred",29.5,1.57537853040986
"4",3,"brown",0,-0.489188924510182
"4",3,"calred",27.5,1.20885449068897
"4",3,"encrust",12.5,-0.650692770064727
"4",3,"folred",25,1.0412283743621
"4",4,"brown",0,-0.489188924510182
"4",4,"calred",20.5,0.140564475661509
"4",4,"encrust",11,-0.903002211518397
"4",4,"folred",19.5,0.388378183637063
"4",5,"brown",8.5,5.15395474037513
"4",5,"calred",18.5,-0.164661242917767
"4",5,"encrust",16,-0.0619707400061644
"4",5,"folred",18,0.210328131621144
"4",6,"brown",1,0.174710330182208
"4",6,"calred",21.5,0.293177334951147
"4",6,"encrust",15,-0.230177034308611
"4",6,"folred",13.5,-0.323822024426613
"4",7,"brown",0,-0.489188924510182
"4",7,"calred",31,1.74299949820271
"4",7,"encrust",25,1.45188590871585
"4",7,"folred",14,-0.264472007087973
"4",8,"brown",0,-0.489188924510182
"4",8,"calred",30.5,1.66669306855789
"4",8,"encrust",29,2.12471108592564
"4",8,"folred",15.5,-0.0864219550720542
"4",9,"brown",0,-0.489188924510182
"4",9,"calred",16,-0.546193391141862
"4",9,"encrust",10,-1.07120850582084
"4",9,"folred",6.5,-1.15472226716757
"4",10,"brown",0,-0.489188924510182
"4",10,"calred",13,-1.00403196901078
"4",10,"encrust",7.5,-1.49172424157696
"4",10,"folred",0.5,-1.86692247523124
"4",11,"brown",0,-0.489188924510182
"4",11,"calred",13.5,-0.927725539365957
"4",11,"encrust",9,-1.23941480012329
"4",11,"folred",4.5,-1.39212233652213
"4",12,"brown",3.5,1.83445846691318
"4",12,"calred",29,1.43777377962343
"4",12,"encrust",13.5,-0.482486475762281
"4",12,"folred",9,-0.85797218047437
"4",13,"brown",1,0.174710330182208
"4",13,"calred",14.5,-0.775112680076319
"4",13,"encrust",24.5,1.36778276156463
"4",13,"folred",15.5,-0.0864219550720542
"4",14,"brown",0.5,-0.157239297163987
"4",14,"calred",15.5,-0.622499820786681
"4",14,"encrust",15.5,-0.146073887157388
"4",14,"folred",13,-0.383172041765253
"4",15,"brown",0,-0.489188924510182
"4",15,"calred",18,-0.240967672562586
"4",15,"encrust",11.5,-0.818899064367173
"4",15,"folred",5.5,-1.27342230184485
"4",16,"brown",1.5,0.506659957528403
"4",16,"calred",20,0.0642580460166899
"4",16,"encrust",26.5,1.70419535016952
"4",16,"folred",11,-0.620572111119811
"4",17,"brown",0,-0.489188924510182
"4",17,"calred",18.5,-0.164661242917767
"4",17,"encrust",17,0.106235554296282
"4",17,"folred",3.5,-1.51082237119941
"4",18,"brown",2.5,1.17055921222079
"4",18,"calred",28,1.28516092033379
"4",18,"encrust",17,0.106235554296282
"4",18,"folred",22.5,0.744478287668901
"4",19,"brown",4,2.16640809425938
"4",19,"calred",16.5,-0.469886961497043
"4",19,"encrust",18.5,0.358544995749952
"4",19,"folred",18,0.210328131621144
"4",20,"brown",NA,NA
"4",20,"calred",NA,NA
"4",20,"encrust",NA,NA
"4",20,"folred",NA,NA
"4",21,"brown",0,-0.489188924510182
"4",21,"calred",18,-0.240967672562586
"4",21,"encrust",14,-0.398383328611057
"4",21,"folred",8,-0.976672215151649
"4",22,"brown",0,-0.489188924510182
"4",22,"calred",15.5,-0.622499820786681
"4",22,"encrust",24.5,1.36778276156463
"4",22,"folred",9,-0.85797218047437
"4",23,"brown",0.5,-0.157239297163987
"4",23,"calred",21,0.216870905306328
"4",23,"encrust",12.5,-0.650692770064727
"4",23,"folred",16,-0.0270719377334145
"4",24,"brown",0.5,-0.157239297163987
"4",24,"calred",26,0.979935201754518
"4",24,"encrust",15,-0.230177034308611
"4",24,"folred",13,-0.383172041765253
"4",25,"brown",5,2.83030734895177
"4",25,"calred",19.5,-0.0120483836281291
"4",25,"encrust",14.5,-0.314280181459834
"4",25,"folred",21.5,0.625778252991622
"4",26,"brown",0.5,-0.157239297163987
"4",26,"calred",20,0.0642580460166899
"4",26,"encrust",22.5,1.03137017295974
"4",26,"folred",17.5,0.150978114282505
"4",27,"brown",0.5,-0.157239297163987
"4",27,"calred",22.5,0.445790194240785
"4",27,"encrust",17,0.106235554296282
"4",27,"folred",13,-0.383172041765253
"4",28,"brown",0,-0.489188924510182
"4",28,"calred",25,0.82732234246488
"4",28,"encrust",16.5,0.0221324071450588
"4",28,"folred",9,-0.85797218047437
"4",29,"brown",0,-0.489188924510182
"4",29,"calred",22.5,0.445790194240785
"4",29,"encrust",22,0.947267025808514
"4",29,"folred",12.5,-0.442522059103892
"4",30,"brown",2,0.838609584874597
"4",30,"calred",29,1.43777377962343
"4",30,"encrust",22,0.947267025808514
"4",30,"folred",13.5,-0.323822024426613
"4",31,"brown",2.5,1.17055921222079
"4",31,"calred",25.5,0.903628772109699
"4",31,"encrust",17,0.106235554296282
"4",31,"folred",8.5,-0.91732219781301
"4",32,"brown",0,-0.489188924510182
"4",32,"calred",19,-0.0883548132729481
"4",32,"encrust",15.5,-0.146073887157388
"4",32,"folred",20.5,0.507078218314343
"4",33,"brown",0.5,-0.157239297163987
"4",33,"calred",24.5,0.751015912820061
"4",33,"encrust",16,-0.0619707400061644
"4",33,"folred",21.5,0.625778252991622
"4",34,"brown",0,-0.489188924510182
"4",34,"calred",15,-0.6988062504315
"4",34,"encrust",13,-0.566589622913504
"4",34,"folred",16.5,0.0322780796052252
"4",35,"brown",0,-0.489188924510182
"4",35,"calred",28.5,1.36146734997861
"4",35,"encrust",14.5,-0.314280181459834
"4",35,"folred",25,1.0412283743621
"4",36,"brown",2,0.838609584874597
"4",36,"calred",37.5,2.73498308358535
"4",36,"encrust",17.5,0.190338701447505
"4",36,"folred",7.5,-1.03602223249029
"4",37,"brown",1.5,0.506659957528403
"4",37,"calred",33,2.04822521678198
"4",37,"encrust",28.5,2.04060793877442
"4",37,"folred",17,0.0916280969438649
"4",38,"brown",0,-0.489188924510182
"4",38,"calred",21.5,0.293177334951147
"4",38,"encrust",25,1.45188590871585
"4",38,"folred",5.5,-1.27342230184485
"4",39,"brown",NA,NA
"4",39,"calred",NA,NA
"4",39,"encrust",NA,NA
"4",39,"folred",NA,NA
"4",40,"brown",0.5,-0.157239297163987
"4",40,"calred",16,-0.546193391141862
"4",40,"encrust",12,-0.73479591721595
"4",40,"folred",10.5,-0.679922128458451
"4",41,"brown",0,-0.489188924510182
"4",41,"calred",20,0.0642580460166899
"4",41,"encrust",20.5,0.694957584354845
"4",41,"folred",9,-0.85797218047437
"4",42,"brown",1.5,0.506659957528403
"4",42,"calred",21.5,0.293177334951147
"4",42,"encrust",18.5,0.358544995749952
"4",42,"folred",13,-0.383172041765253
"4",43,"brown",0.5,-0.157239297163987
"4",43,"calred",21.5,0.293177334951147
"4",43,"encrust",21.5,0.863163878657291
"4",43,"folred",25,1.0412283743621
"4",44,"brown",0,-0.489188924510182
"4",44,"calred",17.5,-0.317274102207405
"4",44,"encrust",18.5,0.358544995749952
"4",44,"folred",12.5,-0.442522059103892
"4",45,"brown",0,-0.489188924510182
"4",45,"calred",22.5,0.445790194240785
"4",45,"encrust",14,-0.398383328611057
"4",45,"folred",20,0.447728200975703
"4",46,"brown",0,-0.489188924510182
"4",46,"calred",15.5,-0.622499820786681
"4",46,"encrust",13,-0.566589622913504
"4",46,"folred",12,-0.501872076442532
"4",47,"brown",0,-0.489188924510182
"4",47,"calred",14.5,-0.775112680076319
"4",47,"encrust",8,-1.40762109442574
"4",47,"folred",14,-0.264472007087973
"4",48,"brown",NA,NA
"4",48,"calred",NA,NA
"4",48,"encrust",NA,NA
"4",48,"folred",NA,NA
"4",49,"brown",0,-0.489188924510182
"4",49,"calred",19.5,-0.0120483836281291
"4",49,"encrust",11,-0.903002211518397
"4",49,"folred",26,1.15992840903938
"4",50,"brown",0,-0.489188924510182
"4",50,"calred",14.5,-0.775112680076319
"4",50,"encrust",13,-0.566589622913504
"4",50,"folred",9,-0.85797218047437
"4",51,"brown",0,-0.489188924510182
"4",51,"calred",15.5,-0.622499820786681
"4",51,"encrust",14,-0.398383328611057
"4",51,"folred",11.5,-0.561222093781172
"4",52,"brown",0,-0.489188924510182
"4",52,"calred",14,-0.851419109721138
"4",52,"encrust",7.5,-1.49172424157696
"4",52,"folred",18.5,0.269678148959784
"4",53,"brown",0.5,-0.157239297163987
"4",53,"calred",15.5,-0.622499820786681
"4",53,"encrust",8.5,-1.32351794727451
"4",53,"folred",40.5,2.88107891185993
"4",54,"brown",0,-0.489188924510182
"4",54,"calred",15,-0.6988062504315
"4",54,"encrust",13,-0.566589622913504
"4",54,"folred",20,0.447728200975703
"4",55,"brown",0,-0.489188924510182
"4",55,"calred",10.5,-1.38556411723487
"4",55,"encrust",18.5,0.358544995749952
"4",55,"folred",30,1.6347285477485
"4",56,"brown",0,-0.489188924510182
"4",56,"calred",7,-1.9197091247486
"4",56,"encrust",12.5,-0.650692770064727
"4",56,"folred",29.5,1.57537853040986
"4",57,"brown",1,0.174710330182208
"4",57,"calred",14,-0.851419109721138
"4",57,"encrust",15.5,-0.146073887157388
"4",57,"folred",33.5,2.05017866911897
"4",58,"brown",NA,NA
"4",58,"calred",NA,NA
"4",58,"encrust",NA,NA
"4",58,"folred",NA,NA
"4",59,"brown",NA,NA
"4",59,"calred",NA,NA
"4",59,"encrust",NA,NA
"4",59,"folred",NA,NA
"4",60,"brown",0,-0.489188924510182
"4",60,"calred",9.5,-1.53817697652451
"4",60,"encrust",6,-1.74403368303063
"4",60,"folred",25,1.0412283743621
"4",61,"brown",0,-0.489188924510182
"4",61,"calred",6.5,-1.99601555439342
"4",61,"encrust",35,3.13394885174032
"4",61,"folred",25.5,1.10057839170074
"4",62,"brown",NA,NA
"4",62,"calred",NA,NA
"4",62,"encrust",NA,NA
"4",62,"folred",NA,NA
"4",63,"brown",0,-0.489188924510182
"4",63,"calred",7,-1.9197091247486
"4",63,"encrust",17.5,0.190338701447505
"4",63,"folred",33,1.99082865178033
"5",1,"brown",0,-0.447068149736582
"5",1,"calred",7.5,-1.33225218828368
"5",1,"encrust",12,-1.5556927448369
"5",1,"folred",7,-0.971060922208716
"5",2,"brown",0,-0.447068149736582
"5",2,"calred",14.5,-0.199404340545713
"5",2,"encrust",25.5,-0.0162899763857267
"5",2,"folred",18.5,0.687727496630576
"5",3,"brown",0,-0.447068149736582
"5",3,"calred",17,0.20518417650356
"5",3,"encrust",13.5,-1.38464799278677
"5",3,"folred",16,0.327121318622034
"5",4,"brown",0.5,-0.15252913343954
"5",4,"calred",21,0.852525803782398
"5",4,"encrust",14.5,-1.27061815808669
"5",4,"folred",28,2.05803097306304
"5",5,"brown",0,-0.447068149736582
"5",5,"calred",19.5,0.609772693552834
"5",5,"encrust",23.5,-0.244349645785901
"5",5,"folred",21,1.04833367463912
"5",6,"brown",1.5,0.436548899154545
"5",6,"calred",16.5,0.124266473093705
"5",6,"encrust",14,-1.32763307543673
"5",6,"folred",14,0.0386363762152008
"5",7,"brown",3,1.32016594804567
"5",7,"calred",21.5,0.933443507192253
"5",7,"encrust",33,0.838933783864927
"5",7,"folred",14.5,0.110757611816909
"5",8,"brown",0,-0.447068149736582
"5",8,"calred",29,2.14720905834007
"5",8,"encrust",30.5,0.553859197114709
"5",8,"folred",11,-0.394091037395049
"5",9,"brown",0,-0.447068149736582
"5",9,"calred",15.5,-0.0375689337260041
"5",9,"encrust",15,-1.21360324073664
"5",9,"folred",13,-0.105606094988216
"5",10,"brown",0,-0.447068149736582
"5",10,"calred",13,-0.442157450775278
"5",10,"encrust",8.5,-1.95479716628721
"5",10,"folred",4,-1.40378833581897
"5",11,"brown",0,-0.447068149736582
"5",11,"calred",19,0.528854990142979
"5",11,"encrust",9,-1.89778224893716
"5",11,"folred",11.5,-0.321969801793341
"5",12,"brown",2.5,1.02562693174863
"5",12,"calred",25.5,1.58078513447109
"5",12,"encrust",24,-0.187334728435857
"5",12,"folred",17.5,0.543485025427159
"5",13,"brown",1.5,0.436548899154545
"5",13,"calred",24,1.33803202424153
"5",13,"encrust",23.5,-0.244349645785901
"5",13,"folred",7,-0.971060922208716
"5",14,"brown",0,-0.447068149736582
"5",14,"calred",19.5,0.609772693552834
"5",14,"encrust",30,0.496844279764666
"5",14,"folred",9.5,-0.610454744200175
"5",15,"brown",0,-0.447068149736582
"5",15,"calred",23.5,1.25711432083167
"5",15,"encrust",19,-0.757483901936293
"5",15,"folred",10.5,-0.466212272996758
"5",16,"brown",2,0.731087915451587
"5",16,"calred",16.5,0.124266473093705
"5",16,"encrust",27,0.154754775664404
"5",16,"folred",17.5,0.543485025427159
"5",17,"brown",0.5,-0.15252913343954
"5",17,"calred",18,0.36701958332327
"5",17,"encrust",19,-0.757483901936293
"5",17,"folred",10,-0.538333508598466
"5",18,"brown",0.5,-0.15252913343954
"5",18,"calred",21,0.852525803782398
"5",18,"encrust",25,-0.0733048937357703
"5",18,"folred",14,0.0386363762152008
"5",19,"brown",1.5,0.436548899154545
"5",19,"calred",22.5,1.09527891401196
"5",19,"encrust",28,0.268784610364491
"5",19,"folred",16,0.327121318622034
"5",20,"brown",NA,NA
"5",20,"calred",NA,NA
"5",20,"encrust",NA,NA
"5",20,"folred",NA,NA
"5",21,"brown",0,-0.447068149736582
"5",21,"calred",16.5,0.124266473093705
"5",21,"encrust",23.5,-0.244349645785901
"5",21,"folred",12.5,-0.177727330589924
"5",22,"brown",0,-0.447068149736582
"5",22,"calred",14,-0.280322043955568
"5",22,"encrust",23.5,-0.244349645785901
"5",22,"folred",12.5,-0.177727330589924
"5",23,"brown",1,0.142009882857503
"5",23,"calred",14,-0.280322043955568
"5",23,"encrust",16,-1.09957340603655
"5",23,"folred",12,-0.249848566191633
"5",24,"brown",1,0.142009882857503
"5",24,"calred",20,0.690690396962688
"5",24,"encrust",34.5,1.00997853591506
"5",24,"folred",19,0.759848732232285
"5",25,"brown",11.5,6.32732922509539
"5",25,"calred",20,0.690690396962688
"5",25,"encrust",35.5,1.12400837061515
"5",25,"folred",18,0.615606261028868
"5",26,"brown",0,-0.447068149736582
"5",26,"calred",16,0.0433487696838507
"5",26,"encrust",41,1.75117246146562
"5",26,"folred",10.5,-0.466212272996758
"5",27,"brown",0,-0.447068149736582
"5",27,"calred",17.5,0.286101879913415
"5",27,"encrust",35,1.0669934532651
"5",27,"folred",12.5,-0.177727330589924
"5",28,"brown",0,-0.447068149736582
"5",28,"calred",14.5,-0.199404340545713
"5",28,"encrust",28,0.268784610364491
"5",28,"folred",12,-0.249848566191633
"5",29,"brown",0,-0.447068149736582
"5",29,"calred",18,0.36701958332327
"5",29,"encrust",31,0.610874114464753
"5",29,"folred",9,-0.682575979801883
"5",30,"brown",1.5,0.436548899154545
"5",30,"calred",15.5,-0.0375689337260041
"5",30,"encrust",35.5,1.12400837061515
"5",30,"folred",9.5,-0.610454744200175
"5",31,"brown",3,1.32016594804567
"5",31,"calred",18.5,0.447937286733124
"5",31,"encrust",39.5,1.58012770941549
"5",31,"folred",7.5,-0.898939686607008
"5",32,"brown",0,-0.447068149736582
"5",32,"calred",18.5,0.447937286733124
"5",32,"encrust",25,-0.0733048937357703
"5",32,"folred",12,-0.249848566191633
"5",33,"brown",2,0.731087915451587
"5",33,"calred",18.5,0.447937286733124
"5",33,"encrust",29,0.382814445064578
"5",33,"folred",12.5,-0.177727330589924
"5",34,"brown",0,-0.447068149736582
"5",34,"calred",16,0.0433487696838507
"5",34,"encrust",13,-1.44166291013682
"5",34,"folred",12,-0.249848566191633
"5",35,"brown",1.5,0.436548899154545
"5",35,"calred",28,1.98537365152036
"5",35,"encrust",29,0.382814445064578
"5",35,"folred",22,1.19257614584253
"5",36,"brown",2,0.731087915451587
"5",36,"calred",27,1.82353824470065
"5",36,"encrust",45.5,2.26430671761602
"5",36,"folred",7.5,-0.898939686607008
"5",37,"brown",1,0.142009882857503
"5",37,"calred",25,1.49986743106124
"5",37,"encrust",40,1.63714262676554
"5",37,"folred",0,-1.98075822063263
"5",38,"brown",0,-0.447068149736582
"5",38,"calred",18,0.36701958332327
"5",38,"encrust",30.5,0.553859197114709
"5",38,"folred",4.5,-1.33166710021726
"5",39,"brown",NA,NA
"5",39,"calred",NA,NA
"5",39,"encrust",NA,NA
"5",39,"folred",NA,NA
"5",40,"brown",0,-0.447068149736582
"5",40,"calred",15.5,-0.0375689337260041
"5",40,"encrust",17.5,-0.928528653986424
"5",40,"folred",10.5,-0.466212272996758
"5",41,"brown",0,-0.447068149736582
"5",41,"calred",16.5,0.124266473093705
"5",41,"encrust",21,-0.529424232536119
"5",41,"folred",14,0.0386363762152008
"5",42,"brown",0,-0.447068149736582
"5",42,"calred",15,-0.118486637135859
"5",42,"encrust",30.5,0.553859197114709
"5",42,"folred",13.5,-0.0334848593865075
"5",43,"brown",0,-0.447068149736582
"5",43,"calred",15,-0.118486637135859
"5",43,"encrust",33.5,0.895948701214971
"5",43,"folred",21.5,1.12045491024083
"5",44,"brown",0,-0.447068149736582
"5",44,"calred",10.5,-0.846745967824551
"5",44,"encrust",27,0.154754775664404
"5",44,"folred",9.5,-0.610454744200175
"5",45,"brown",0,-0.447068149736582
"5",45,"calred",11,-0.765828264414696
"5",45,"encrust",21.5,-0.472409315186075
"5",45,"folred",12.5,-0.177727330589924
"5",46,"brown",0,-0.447068149736582
"5",46,"calred",9,-1.08949907805412
"5",46,"encrust",17,-0.985543571336468
"5",46,"folred",7,-0.971060922208716
"5",47,"brown",0,-0.447068149736582
"5",47,"calred",10.5,-0.846745967824551
"5",47,"encrust",13.5,-1.38464799278677
"5",47,"folred",7.5,-0.898939686607008
"5",48,"brown",NA,NA
"5",48,"calred",NA,NA
"5",48,"encrust",NA,NA
"5",48,"folred",NA,NA
"5",49,"brown",0,-0.447068149736582
"5",49,"calred",10,-0.927663671234406
"5",49,"encrust",25,-0.0733048937357703
"5",49,"folred",13.5,-0.0334848593865075
"5",50,"brown",0,-0.447068149736582
"5",50,"calred",10,-0.927663671234406
"5",50,"encrust",31,0.610874114464753
"5",50,"folred",5,-1.25954586461555
"5",51,"brown",0,-0.447068149736582
"5",51,"calred",5.5,-1.6559230019231
"5",51,"encrust",16,-1.09957340603655
"5",51,"folred",7,-0.971060922208716
"5",52,"brown",0,-0.447068149736582
"5",52,"calred",3.5,-1.97959381556252
"5",52,"encrust",15.5,-1.1565883233866
"5",52,"folred",6.5,-1.04318215781042
"5",53,"brown",0,-0.447068149736582
"5",53,"calred",9,-1.08949907805412
"5",53,"encrust",23,-0.301364563135945
"5",53,"folred",32,2.6350008578767
"5",54,"brown",NA,NA
"5",54,"calred",NA,NA
"5",54,"encrust",NA,NA
"5",54,"folred",NA,NA
"5",55,"brown",0,-0.447068149736582
"5",55,"calred",6,-1.57500529851324
"5",55,"encrust",33,0.838933783864927
"5",55,"folred",21,1.04833367463912
"5",56,"brown",0,-0.447068149736582
"5",56,"calred",6.5,-1.49408759510339
"5",56,"encrust",31,0.610874114464753
"5",56,"folred",17,0.471363789825451
"5",57,"brown",1,0.142009882857503
"5",57,"calred",5.5,-1.6559230019231
"5",57,"encrust",27.5,0.211769693014448
"5",57,"folred",35.5,3.13984950708866
"5",58,"brown",NA,NA
"5",58,"calred",NA,NA
"5",58,"encrust",NA,NA
"5",58,"folred",NA,NA
"5",59,"brown",NA,NA
"5",59,"calred",NA,NA
"5",59,"encrust",NA,NA
"5",59,"folred",NA,NA
"5",60,"brown",2,0.731087915451587
"5",60,"calred",5.5,-1.6559230019231
"5",60,"encrust",31,0.610874114464753
"5",60,"folred",24.5,1.55318232385108
"5",61,"brown",1.5,0.436548899154545
"5",61,"calred",6.5,-1.49408759510339
"5",61,"encrust",40.5,1.69415754411558
"5",61,"folred",17,0.471363789825451
"5",62,"brown",NA,NA
"5",62,"calred",NA,NA
"5",62,"encrust",NA,NA
"5",62,"folred",NA,NA
"5",63,"brown",0,-0.447068149736582
"5",63,"calred",10,-0.927663671234406
"5",63,"encrust",31.5,0.667889031814796
"5",63,"folred",28,2.05803097306304
"6",1,"brown",0,-0.668314295297481
"6",1,"calred",52.5,0.964966404843897
"6",1,"encrust",30,-0.455666913102797
"6",1,"folred",15,0.645248713138711
"6",2,"brown",2,-0.00613132381006866
"6",2,"calred",44.5,0.613921784302791
"6",2,"encrust",28.5,-0.561272120431342
"6",2,"folred",14.5,0.582467757265756
"6",3,"brown",2,-0.00613132381006866
"6",3,"calred",49,0.811384383357163
"6",3,"encrust",26,-0.737280799312251
"6",3,"folred",22.5,1.58696305123305
"6",4,"brown",0,-0.668314295297481
"6",4,"calred",41.5,0.482280051599876
"6",4,"encrust",26,-0.737280799312251
"6",4,"folred",19,1.14749636012236
"6",5,"brown",0.5,-0.502768552425628
"6",5,"calred",51.5,0.921085827276259
"6",5,"encrust",27.5,-0.631675591983705
"6",5,"folred",14,0.5196868013928
"6",6,"brown",4,0.656051647677344
"6",6,"calred",50.5,0.87720524970862
"6",6,"encrust",26,-0.737280799312251
"6",6,"folred",16.5,0.833591580757578
"6",7,"brown",NA,NA
"6",7,"calred",NA,NA
"6",7,"encrust",NA,NA
"6",7,"folred",NA,NA
"6",8,"brown",NA,NA
"6",8,"calred",NA,NA
"6",8,"encrust",NA,NA
"6",8,"folred",NA,NA
"6",9,"brown",0,-0.668314295297481
"6",9,"calred",63.5,1.44765275808792
"6",9,"encrust",14.5,-1.54692072216443
"6",9,"folred",3.5,-0.798713271939269
"6",10,"brown",0,-0.668314295297481
"6",10,"calred",54,1.03078727119535
"6",10,"encrust",14.5,-1.54692072216443
"6",10,"folred",7.5,-0.296465624955624
"6",11,"brown",1.5,-0.171677066681922
"6",11,"calred",58.5,1.22824987024973
"6",11,"encrust",15,-1.51171898638825
"6",11,"folred",10,0.0174391544091544
"6",12,"brown",4.5,0.821597390549197
"6",12,"calred",71.5,1.79869737862902
"6",12,"encrust",18,-1.30050857173116
"6",12,"folred",14.5,0.582467757265756
"6",13,"brown",3,0.324960161933638
"6",13,"calred",65.5,1.53541391322319
"6",13,"encrust",22,-1.0188946855217
"6",13,"folred",27.5,2.2147726099626
"6",14,"brown",2.5,0.159414419061784
"6",14,"calred",66.5,1.57929449079083
"6",14,"encrust",31.5,-0.350061705774252
"6",14,"folred",14.5,0.582467757265756
"6",15,"brown",0,-0.668314295297481
"6",15,"calred",63.5,1.44765275808792
"6",15,"encrust",28.5,-0.561272120431342
"6",15,"folred",20.5,1.33583922774122
"6",16,"brown",1,-0.337222809553775
"6",16,"calred",59.5,1.27213044781736
"6",16,"encrust",32,-0.31485996999807
"6",16,"folred",5.5,-0.547589448447447
"6",17,"brown",0,-0.668314295297481
"6",17,"calred",51,0.89914553849244
"6",17,"encrust",17.5,-1.33571030750734
"6",17,"folred",8.5,-0.170903713209713
"6",18,"brown",0,-0.668314295297481
"6",18,"calred",55,1.07466784876299
"6",18,"encrust",27,-0.666877327759887
"6",18,"folred",17.5,0.95915349250349
"6",19,"brown",2.5,0.159414419061784
"6",19,"calred",62.5,1.40377218052028
"6",19,"encrust",29,-0.52607038465516
"6",19,"folred",15,0.645248713138711
"6",20,"brown",NA,NA
"6",20,"calred",NA,NA
"6",20,"encrust",NA,NA
"6",20,"folred",NA,NA
"6",21,"brown",0.5,-0.502768552425628
"6",21,"calred",48.5,0.789444094573344
"6",21,"encrust",27,-0.666877327759887
"6",21,"folred",7.5,-0.296465624955624
"6",22,"brown",0,-0.668314295297481
"6",22,"calred",46.5,0.701682939438067
"6",22,"encrust",31,-0.385263441550433
"6",22,"folred",6,-0.484808492574491
"6",23,"brown",0,-0.668314295297481
"6",23,"calred",47,0.723623228221887
"6",23,"encrust",27,-0.666877327759887
"6",23,"folred",6.5,-0.422027536701535
"6",24,"brown",1,-0.337222809553775
"6",24,"calred",54.5,1.05272755997917
"6",24,"encrust",47,0.741192103287382
"6",24,"folred",4,-0.735932316066314
"6",25,"brown",4,0.656051647677344
"6",25,"calred",54.5,1.05272755997917
"6",25,"encrust",39.5,0.213166066644656
"6",25,"folred",21.5,1.46140113948714
"6",26,"brown",1.5,-0.171677066681922
"6",26,"calred",38.5,0.350638318896961
"6",26,"encrust",45.5,0.635586895958837
"6",26,"folred",6,-0.484808492574491
"6",27,"brown",1.5,-0.171677066681922
"6",27,"calred",39.5,0.3945188964646
"6",27,"encrust",54,1.23401640415393
"6",27,"folred",17.5,0.95915349250349
"6",28,"brown",1.5,-0.171677066681922
"6",28,"calred",39.5,0.3945188964646
"6",28,"encrust",43.5,0.49477995285411
"6",28,"folred",10,0.0174391544091544
"6",29,"brown",1.5,-0.171677066681922
"6",29,"calred",27.5,-0.13204803434706
"6",29,"encrust",42.5,0.424376481301746
"6",29,"folred",13.5,0.456905845519844
"6",30,"brown",0,-0.668314295297481
"6",30,"calred",13,-0.768316409077814
"6",30,"encrust",44.5,0.565183424406473
"6",30,"folred",0.5,-1.175399007177
"6",31,"brown",0,-0.668314295297481
"6",31,"calred",4.5,-1.14130131840274
"6",31,"encrust",56.5,1.41002508303484
"6",31,"folred",0,-1.23817996304996
"6",32,"brown",0,-0.668314295297481
"6",32,"calred",6,-1.07548045205128
"6",32,"encrust",53.5,1.19881466837774
"6",32,"folred",1.5,-1.04983709543109
"6",33,"brown",0.5,-0.502768552425628
"6",33,"calred",5,-1.11936102961892
"6",33,"encrust",57,1.44522681881102
"6",33,"folred",0.5,-1.175399007177
"6",34,"brown",1.5,-0.171677066681922
"6",34,"calred",3.5,-1.18518189597038
"6",34,"encrust",54.5,1.26921813993011
"6",34,"folred",2,-0.987056139558137
"6",35,"brown",3,0.324960161933638
"6",35,"calred",10,-0.899958141780729
"6",35,"encrust",46,0.670788631735019
"6",35,"folred",1.5,-1.04983709543109
"6",36,"brown",8.5,2.14596333352402
"6",36,"calred",19,-0.505032943671985
"6",36,"encrust",54,1.23401640415393
"6",36,"folred",1,-1.11261805130405
"6",37,"brown",2.5,0.159414419061784
"6",37,"calred",34.5,0.175116008626408
"6",37,"encrust",44,0.529981688630292
"6",37,"folred",6,-0.484808492574491
"6",38,"brown",1,-0.337222809553775
"6",38,"calred",26.5,-0.175928611914698
"6",38,"encrust",44.5,0.565183424406473
"6",38,"folred",1,-1.11261805130405
"6",39,"brown",NA,NA
"6",39,"calred",NA,NA
"6",39,"encrust",NA,NA
"6",39,"folred",NA,NA
"6",40,"brown",4.5,0.821597390549197
"6",40,"calred",13,-0.768316409077814
"6",40,"encrust",62,1.79724417657283
"6",40,"folred",4,-0.735932316066314
"6",41,"brown",0.5,-0.502768552425628
"6",41,"calred",6,-1.07548045205128
"6",41,"encrust",62,1.79724417657283
"6",41,"folred",0,-1.23817996304996
"6",42,"brown",0,-0.668314295297481
"6",42,"calred",2.5,-1.22906247353802
"6",42,"encrust",57.5,1.4804285545872
"6",42,"folred",3,-0.861494227812225
"6",43,"brown",0,-0.668314295297481
"6",43,"calred",4,-1.16324160718656
"6",43,"encrust",68.5,2.2548667416632
"6",43,"folred",5.5,-0.547589448447447
"6",44,"brown",0,-0.668314295297481
"6",44,"calred",6,-1.07548045205128
"6",44,"encrust",49,0.881999046392109
"6",44,"folred",6,-0.484808492574491
"6",45,"brown",3,0.324960161933638
"6",45,"calred",5,-1.11936102961892
"6",45,"encrust",38,0.107560859316111
"6",45,"folred",5.5,-0.547589448447447
"6",46,"brown",0.5,-0.502768552425628
"6",46,"calred",5,-1.11936102961892
"6",46,"encrust",51.5,1.05800772527302
"6",46,"folred",2,-0.987056139558137
"6",47,"brown",0,-0.668314295297481
"6",47,"calred",6,-1.07548045205128
"6",47,"encrust",33,-0.244456498445706
"6",47,"folred",6.5,-0.422027536701535
"6",48,"brown",NA,NA
"6",48,"calred",NA,NA
"6",48,"encrust",NA,NA
"6",48,"folred",NA,NA
"6",49,"brown",2,-0.00613132381006866
"6",49,"calred",10.5,-0.87801785299691
"6",49,"encrust",26,-0.737280799312251
"6",49,"folred",17,0.896372536630534
"6",50,"brown",9,2.31150907639588
"6",50,"calred",11.5,-0.834137275429272
"6",50,"encrust",30,-0.455666913102797
"6",50,"folred",28,2.27755356583556
"6",51,"brown",2,-0.00613132381006866
"6",51,"calred",13.5,-0.746376120293995
"6",51,"encrust",32,-0.31485996999807
"6",51,"folred",23,1.649744007106
"6",52,"brown",0.5,-0.502768552425628
"6",52,"calred",8,-0.987719296916006
"6",52,"encrust",37.5,0.0723591235399292
"6",52,"folred",0,-1.23817996304996
"6",53,"brown",0,-0.668314295297481
"6",53,"calred",13,-0.768316409077814
"6",53,"encrust",18,-1.30050857173116
"6",53,"folred",16,0.770810624884623
"6",54,"brown",0.5,-0.502768552425628
"6",54,"calred",7.5,-1.00965958569982
"6",54,"encrust",18.5,-1.26530683595498
"6",54,"folred",4,-0.735932316066314
"6",55,"brown",15,4.29805799085811
"6",55,"calred",6.5,-1.05354016326746
"6",55,"encrust",26.5,-0.702079063536069
"6",55,"folred",20,1.27305827186827
"6",56,"brown",NA,NA
"6",56,"calred",NA,NA
"6",56,"encrust",NA,NA
"6",56,"folred",NA,NA
"6",57,"brown",10,2.64260056213958
"6",57,"calred",17,-0.592794098807261
"6",57,"encrust",17.5,-1.33571030750734
"6",57,"folred",25.5,1.96364878647078
"6",58,"brown",NA,NA
"6",58,"calred",NA,NA
"6",58,"encrust",NA,NA
"6",58,"folred",NA,NA
"6",59,"brown",NA,NA
"6",59,"calred",NA,NA
"6",59,"encrust",NA,NA
"6",59,"folred",NA,NA
"6",60,"brown",8.5,2.14596333352402
"6",60,"calred",9.5,-0.921898430564548
"6",60,"encrust",36,-0.033246083788616
"6",60,"folred",4.5,-0.673151360193358
"6",61,"brown",0.5,-0.502768552425628
"6",61,"calred",13.5,-0.746376120293995
"6",61,"encrust",29,-0.52607038465516
"6",61,"folred",5.5,-0.547589448447447
"6",62,"brown",NA,NA
"6",62,"calred",NA,NA
"6",62,"encrust",NA,NA
"6",62,"folred",NA,NA
"6",63,"brown",0.5,-0.502768552425628
"6",63,"calred",11,-0.856077564213091
"6",63,"encrust",52,1.0932094610492
"6",63,"folred",4,-0.735932316066314
"7",1,"brown",NA,NA
"7",1,"calred",NA,NA
"7",1,"encrust",NA,NA
"7",1,"folred",NA,NA
"7",2,"brown",NA,NA
"7",2,"calred",NA,NA
"7",2,"encrust",NA,NA
"7",2,"folred",NA,NA
"7",3,"brown",NA,NA
"7",3,"calred",NA,NA
"7",3,"encrust",NA,NA
"7",3,"folred",NA,NA
"7",4,"brown",NA,NA
"7",4,"calred",NA,NA
"7",4,"encrust",NA,NA
"7",4,"folred",NA,NA
"7",5,"brown",NA,NA
"7",5,"calred",NA,NA
"7",5,"encrust",NA,NA
"7",5,"folred",NA,NA
"7",6,"brown",NA,NA
"7",6,"calred",NA,NA
"7",6,"encrust",NA,NA
"7",6,"folred",NA,NA
"7",7,"brown",NA,NA
"7",7,"calred",NA,NA
"7",7,"encrust",NA,NA
"7",7,"folred",NA,NA
"7",8,"brown",NA,NA
"7",8,"calred",NA,NA
"7",8,"encrust",NA,NA
"7",8,"folred",NA,NA
"7",9,"brown",NA,NA
"7",9,"calred",NA,NA
"7",9,"encrust",NA,NA
"7",9,"folred",NA,NA
"7",10,"brown",NA,NA
"7",10,"calred",NA,NA
"7",10,"encrust",NA,NA
"7",10,"folred",NA,NA
"7",11,"brown",NA,NA
"7",11,"calred",NA,NA
"7",11,"encrust",NA,NA
"7",11,"folred",NA,NA
"7",12,"brown",NA,NA
"7",12,"calred",NA,NA
"7",12,"encrust",NA,NA
"7",12,"folred",NA,NA
"7",13,"brown",17,0.338579775641361
"7",13,"calred",4,-0.182194375110449
"7",13,"encrust",55.5,-0.167218092097469
"7",13,"folred",0,-0.598476564654385
"7",14,"brown",37.2222,1.59873215704775
"7",14,"calred",7.2222,0.742053294298732
"7",14,"encrust",56.6667,-0.0760056650675062
"7",14,"folred",0,-0.598476564654385
"7",15,"brown",13,0.0893185911201137
"7",15,"calred",5.5,0.248061817588258
"7",15,"encrust",60,0.184591217609254
"7",15,"folred",0.5,-0.552531536713618
"7",16,"brown",59.5,2.98697986117962
"7",16,"calred",1.5,-0.899288029608293
"7",16,"encrust",46.5,-0.870836711510915
"7",16,"folred",4,-0.230916341128247
"7",17,"brown",30,1.14867862533542
"7",17,"calred",0.5,-1.18612549140743
"7",17,"encrust",65.5,0.614580373917471
"7",17,"folred",0,-0.598476564654385
"7",18,"brown",2.7778,-0.54768082898316
"7",18,"calred",3.3333,-0.373428910891934
"7",18,"encrust",66.1111,0.662356078175643
"7",18,"folred",0,-0.598476564654385
"7",19,"brown",4,-0.471519074052693
"7",19,"calred",2.5,-0.612450567809155
"7",19,"encrust",69.5,0.927299760323446
"7",19,"folred",0,-0.598476564654385
"7",20,"brown",NA,NA
"7",20,"calred",NA,NA
"7",20,"encrust",NA,NA
"7",20,"folred",NA,NA
"7",21,"brown",6.5,-0.315730833726913
"7",21,"calred",4,-0.182194375110449
"7",21,"encrust",67.5,0.770940067120458
"7",21,"folred",0,-0.598476564654385
"7",22,"brown",1,-0.658464962443629
"7",22,"calred",8.5,1.10857420298567
"7",22,"encrust",60,0.184591217609254
"7",22,"folred",1.5,-0.460641480832084
"7",23,"brown",6,-0.346888481792069
"7",23,"calred",6,0.391480548487826
"7",23,"encrust",74,1.27910907003017
"7",23,"folred",0,-0.598476564654385
"7",24,"brown",12.5,0.0581609430549578
"7",24,"calred",8,0.965155472086102
"7",24,"encrust",63.5,0.458220680714483
"7",24,"folred",8,0.136643882397891
"7",25,"brown",3.5,-0.502676722117849
"7",25,"calred",7.5,0.821736741186533
"7",25,"encrust",58.5,0.0673214477070128
"7",25,"folred",6,-0.0471362293651782
"7",26,"brown",NA,NA
"7",26,"calred",NA,NA
"7",26,"encrust",NA,NA
"7",26,"folred",NA,NA
"7",27,"brown",NA,NA
"7",27,"calred",NA,NA
"7",27,"encrust",NA,NA
"7",27,"folred",NA,NA
"7",28,"brown",NA,NA
"7",28,"calred",NA,NA
"7",28,"encrust",NA,NA
"7",28,"folred",NA,NA
"7",29,"brown",1,-0.658464962443629
"7",29,"calred",12,2.11250531928265
"7",29,"encrust",67,0.731850143819711
"7",29,"folred",0,-0.598476564654385
"7",30,"brown",2.5,-0.564992018248161
"7",30,"calred",10.5,1.68224912658395
"7",30,"encrust",55,-0.206308015398216
"7",30,"folred",8,0.136643882397891
"7",31,"brown",9.5,-0.128784945335978
"7",31,"calred",9,1.25199293388524
"7",31,"encrust",67,0.731850143819711
"7",31,"folred",3.5,-0.276861369069015
"7",32,"brown",4.5,-0.440361425987537
"7",32,"calred",7,0.678318010286964
"7",32,"encrust",61.5,0.301860987511495
"7",32,"folred",1.5,-0.460641480832084
"7",33,"brown",8,-0.222257889531446
"7",33,"calred",8.5,1.10857420298567
"7",33,"encrust",71.5,1.08365945352643
"7",33,"folred",0.5,-0.552531536713618
"7",34,"brown",NA,NA
"7",34,"calred",NA,NA
"7",34,"encrust",NA,NA
"7",34,"folred",NA,NA
"7",35,"brown",2.5,-0.564992018248161
"7",35,"calred",9.5,1.39541166478481
"7",35,"encrust",70.5,1.00547960692494
"7",35,"folred",4.5,-0.18497131318748
"7",36,"brown",NA,NA
"7",36,"calred",NA,NA
"7",36,"encrust",NA,NA
"7",36,"folred",NA,NA
"7",37,"brown",NA,NA
"7",37,"calred",NA,NA
"7",37,"encrust",NA,NA
"7",37,"folred",NA,NA
"7",38,"brown",NA,NA
"7",38,"calred",NA,NA
"7",38,"encrust",NA,NA
"7",38,"folred",NA,NA
"7",39,"brown",0,-0.720780258573941
"7",39,"calred",3,-0.469031836909586
"7",39,"encrust",62,0.340950910812242
"7",39,"folred",0,-0.598476564654385
"7",40,"brown",NA,NA
"7",40,"calred",NA,NA
"7",40,"encrust",NA,NA
"7",40,"folred",NA,NA
"7",41,"brown",0,-0.720780258573941
"7",41,"calred",5,0.104643086688689
"7",41,"encrust",58.8889,0.0977255900503337
"7",41,"folred",18.8889,1.13722551188633
"7",42,"brown",12.5,0.0581609430549578
"7",42,"calred",1.5,-0.899288029608293
"7",42,"encrust",60.5,0.223681140910001
"7",42,"folred",5.5,-0.0930812573059455
"7",43,"brown",22.5,0.681313904358076
"7",43,"calred",5.5,0.248061817588258
"7",43,"encrust",78,1.59182845643615
"7",43,"folred",8,0.136643882397891
"7",44,"brown",NA,NA
"7",44,"calred",NA,NA
"7",44,"encrust",NA,NA
"7",44,"folred",NA,NA
"7",45,"brown",11.5,-0.00415435307535411
"7",45,"calred",3.5,-0.325613106010018
"7",45,"encrust",61.5,0.301860987511495
"7",45,"folred",7.5,0.0906988544571236
"7",46,"brown",NA,NA
"7",46,"calred",NA,NA
"7",46,"encrust",NA,NA
"7",46,"folred",NA,NA
"7",47,"brown",NA,NA
"7",47,"calred",NA,NA
"7",47,"encrust",NA,NA
"7",47,"folred",NA,NA
"7",48,"brown",NA,NA
"7",48,"calred",NA,NA
"7",48,"encrust",NA,NA
"7",48,"folred",NA,NA
"7",49,"brown",0,-0.720780258573941
"7",49,"calred",2,-0.755869298708724
"7",49,"encrust",53.5,-0.323577785300457
"7",49,"folred",0.5,-0.552531536713618
"7",50,"brown",NA,NA
"7",50,"calred",NA,NA
"7",50,"encrust",NA,NA
"7",50,"folred",NA,NA
"7",51,"brown",14.5,0.182791535315581
"7",51,"calred",1.5,-0.899288029608293
"7",51,"encrust",46.5,-0.870836711510915
"7",51,"folred",1.5,-0.460641480832084
"7",52,"brown",NA,NA
"7",52,"calred",NA,NA
"7",52,"encrust",NA,NA
"7",52,"folred",NA,NA
"7",53,"brown",0,-0.720780258573941
"7",53,"calred",1.5,-0.899288029608293
"7",53,"encrust",34,-1.84808479402959
"7",53,"folred",3.5,-0.276861369069015
"7",54,"brown",NA,NA
"7",54,"calred",NA,NA
"7",54,"encrust",NA,NA
"7",54,"folred",NA,NA
"7",55,"brown",61,3.08045280537508
"7",55,"calred",0.5,-1.18612549140743
"7",55,"encrust",42.5,-1.18355609791689
"7",55,"folred",5,-0.139026285246713
"7",56,"brown",NA,NA
"7",56,"calred",NA,NA
"7",56,"encrust",NA,NA
"7",56,"folred",NA,NA
"7",57,"brown",0.5,-0.689622610508785
"7",57,"calred",0,-1.329544222307
"7",57,"encrust",29,-2.23898402703706
"7",57,"folred",40,3.077125670607
"7",58,"brown",NA,NA
"7",58,"calred",NA,NA
"7",58,"encrust",NA,NA
"7",58,"folred",NA,NA
"7",59,"brown",NA,NA
"7",59,"calred",NA,NA
"7",59,"encrust",NA,NA
"7",59,"folred",NA,NA
"7",60,"brown",NA,NA
"7",60,"calred",NA,NA
"7",60,"encrust",NA,NA
"7",60,"folred",NA,NA
"7",61,"brown",0,-0.720780258573941
"7",61,"calred",0,-1.329544222307
"7",61,"encrust",32.5,-1.96535456393183
"7",61,"folred",26.5,1.83660991620628
"7",62,"brown",NA,NA
"7",62,"calred",NA,NA
"7",62,"encrust",NA,NA
"7",62,"folred",NA,NA
"7",63,"brown",3.5,-0.502676722117849
"7",63,"calred",0,-1.329544222307
"7",63,"encrust",34.5,-1.80899487072884
"7",63,"folred",40.5,3.12307069854776
